Panel,Comparison,p_value,Fold_Change,Cohen_d
Fig4A_DOX,DOX vs Control,0.1,0.255325017408197,14.1278144680497
Fig4A_DHGDox,DHG+DOX vs Control,0.1,0.232324411512511,16.1158554080423
Fig4A_DHG,DHG vs Control,0.7,1.03851178208144,-0.417616829214607
Fig4B_Fer1,Fer-1 vs Control,0.685714285714286,0.945849449568581,
