"stage","mean_expr","n"
"Early (0-33%)",4.37268997627411,168
"Mid (33-66%)",3.4062030769061,167
"Late (66-100%)",4.10997532618685,168
