File,Region,N_Spots,NDUFB7_Mean,NDUFB7_Pct_Zero,Moran_I,P_Value,Status
Visium_RZ_BZ_P12.h5ad,Error,3392,1.6082674981213771,23.555424528301888,,,Error: 'NDUFB7'
Visium_control_P1.h5ad,Error,4269,1.8921366636802608,11.384399156711174,,,Error: 'NDUFB7'
Visium_RZ_GT_P2.h5ad,Error,3538,1.1529716345319183,43.470887507066145,,,Error: 'NDUFB7'
Visium_RZ_BZ_P3.h5ad,Error,4659,1.7377300167381797,4.271302854689848,,,Error: 'NDUFB7'
Visium_control_P17.h5ad,Error,2043,1.9359459632283476,12.236906510034263,,,Error: 'NDUFB7'
Visium_FZ_GT_P4.h5ad,Error,4253,0.6863410187904709,72.6781095697155,,,Error: 'NDUFB7'
Visium_RZ_P6.h5ad,Error,3484,1.8045594415319688,8.12284730195178,,,Error: 'NDUFB7'
Visium_IZ_P16.h5ad,Error,2713,0.7451983417999933,56.173977147069664,,,Error: 'NDUFB7'
