exposure,snp,chr,bp,b_exp,se_exp,b_out,se_out,p_out,n_out,b_mr,se_mr,p_mr,ci_low,ci_high,direction
eQTLGen-Blood,rs11085898,19,14679428,0.0712139004878306,0.011963495025338609,0.0148,0.0091,0.1064,555553,0.20782459461729808,0.13246771693268916,0.11667829055337275,-0.05181213057077266,0.4674613198053688,risk
