exposure,snp,b_mr,se_mr,p_mr,ci_low,ci_high,direction
GTEx-HeartLV,rs8103021,0.08094645080946451,0.11085924656537192,0.4652843219863092,-0.13633767245866446,0.29823057407759346,risk
