exposure,snp,chr,bp,b_exp,se_exp,b_out,se_out,p_out,n_out,b_mr,se_mr,p_mr,ci_low,ci_high,direction
eQTLGen-Blood,rs11085898,19.0,14679428.0,0.0712139004878306,0.0119634950253386,0.0148,0.0091,0.1064,555553.0,0.207824594617298,0.1324677169326891,0.1166782905533727,-0.0518121305707726,0.4674613198053688,risk
GTEx-HeartLV,rs8103021,,,,,,,,,0.0809464508094645,0.1108592465653719,0.4652843219863092,-0.1363376724586644,0.2982305740775934,risk
