exposure,snp,b_mr,se_mr,p_mr,ci_low,ci_high,direction
eQTLGen-Blood,rs11085898,0.207824594617298,0.1324677169326891,0.1166782905533727,-0.0518121305707726,0.4674613198053688,risk
