exposure,snp,b_mr,se_mr,p_mr,ci_low,ci_high,b_exp,se_exp,b_out,se_out,p_out,n_out
eQTLGen-Blood,rs11085898,0.19243545971010453,0.12265865862330559,0.11667829055337275,-0.04797551119157442,0.4328464306117835,0.076908902456416,0.01292022014857642,0.0148,0.0091,0.1064,555553
