NDUFB7_level,Ferro_index_mean,AntiOx_mean
NDUFB7_zero,25.962368696833995,38.661141342956505
NDUFB7_low,25.921904421067133,40.44339951585831
NDUFB7_high,24.147691964819998,37.45000486327853
