,NDUFB7,SOD2,NOX4,GPX4,ACSL4
NDUFB7,0.0,3.35278037123966e-14,0.06896644916084478,1.563201924394986e-27,1.4537910163270306e-07
SOD2,3.35278037123966e-14,0.0,0.8955938551620262,1.0557466260293299e-37,1.144383605318362e-16
NOX4,0.06896644916084478,0.8955938551620262,0.0,0.17481902773187638,0.23387913978071792
GPX4,1.563201924394986e-27,1.0557466260292958e-37,0.1748190277318763,0.0,3.2055918873684335e-09
ACSL4,1.4537910163270306e-07,1.144383605318362e-16,0.23387913978071792,3.2055918873684335e-09,0.0
