,NDUFB7,SOD2,NOX4,GPX4,ACSL4
NDUFB7,1.0,0.029853249805721606,-0.007160377915643761,0.04278730024944804,0.02070118424975706
SOD2,0.029853249805721606,1.0,0.0005166851051182822,0.050499182010043366,0.032626362753100414
NOX4,-0.007160377915643761,0.0005166851051182822,1.0,-0.005342364968921066,0.004686998151877348
GPX4,0.04278730024944804,0.05049918201004337,-0.005342364968921067,1.0,0.023308241850974767
ACSL4,0.02070118424975706,0.032626362753100414,0.004686998151877348,0.02330824185097477,1.0
