"","Ferroptosis","Apoptosis","Pyroptosis"
"Ferroptosis",1,0.0218858657839976,0.00708409538226436
"Apoptosis",0.0218858657839976,1,0.0379295395560848
"Pyroptosis",0.00708409538226436,0.0379295395560848,1
