"peak","mean","sd","proportion"
"Silent/Low",1.44010745033555,1.75861578525625,0.610653177117203
"High/Retained",29.1322995364719,42.0544978203139,0.389346822882818
