,NDUFB7,NDUFAF3,FTL,SAT1,NFE2L2,SLC7A11,ACSL4
NDUFB7,1.0,0.027989471043249205,0.03513485720488252,0.010495533989087757,0.02337006471000113,0.0017733189154197856,0.01788325157604466
NDUFAF3,0.027989471043249205,1.0,0.03453940442310005,0.0009506466780096187,0.020542767183030892,0.00343936246989747,0.015463471190429352
FTL,0.03513485720488252,0.03453940442310005,1.0,0.00296691726865767,0.044380858464759206,0.010582481660495845,0.00490731357557466
SAT1,0.010495533989087757,0.0009506466780096187,0.00296691726865767,1.0,0.03001840305379977,0.023020734237283923,0.0418873214955151
NFE2L2,0.02337006471000113,0.020542767183030892,0.044380858464759206,0.03001840305379977,1.0,0.008657063232881963,0.03749443614308642
SLC7A11,0.0017733189154197856,0.00343936246989747,0.010582481660495845,0.023020734237283923,0.008657063232881963,1.0,0.018280671160512085
ACSL4,0.01788325157604466,0.015463471190429352,0.00490731357557466,0.0418873214955151,0.03749443614308642,0.018280671160512085,1.0
