"Phase","Mean","N","Drop_Point_PT"
"Early_0_33",4.35871361498887,166,6.13712848960813
"Mid_33_66",3.49338174559769,166,NA
"Late_66_100",4.03787049590287,171,NA
