"Metric","Value"
"N_cells",637
"Mean",2.061136506587
"Median",2.35434024378784
"SD",1.25452908921259
"CV",0.608658905028052
"BC",NA
"Threshold_candidate",0.299967815094684
