G,pi0,n_nz,logL,k,BIC,AIC,Best
1,0.91,39690,-52552.3931881671,4,105156.77814577,105112.786376334,TRUE
