Cohort,G,BIC,AIC,logL,k,Best_AIC
GSE183852,1,-29425.9865725993,29408.8088635077,-14702.4044317539,2,1
