"Dataset","n","G","zero_pct","all_or_none","peak1","peak2","peak3"
"GSE168742",84,2,5.95238095238095,15.4761904761905,154.597046590626,704.869425775511,NA
