"Data_Source","N","Pearson_r","Pearson_p","Spearman_rho","Spearman_p"
"P0_CM_annotated (V81结果)",637,0.106912466814337,0.00691742821070707,0.0967318538265683,0.0145925519716741
